build_id,test_duration,dependency_count,cpu_usage,memory_usage,build_status
1,134.90142459033697,20,80.29387719546193,71.18063646385788,failure
2,115.85207096486447,39,42.845790355319764,63.54438065186065,success
3,139.43065614302077,24,71.63118555201513,57.22150041176821,success
4,165.69089569224076,28,83.3169661778974,37.5925401597663,failure
5,112.97539875829992,23,49.53965897869297,63.92977346737743,success
6,112.97589129152459,30,52.07172606507591,71.6384816199018,success
7,167.37638446522175,27,50.83706533435104,61.85793683756275,success
8,143.02304187458725,31,57.71205967393544,54.57787100195731,success
9,105.91576842195144,19,72.76132698784198,62.58061638220738,success
10,136.27680130757895,20,56.487425991693144,58.27499337103227,success
11,106.09746921562613,31,,66.11291480367686,success
12,106.0281073928923,29,34.718694401250644,65.84422770151544,success
13,127.25886814698103,30,89.02921259768594,52.34721356067608,success
14,62.601592660266064,30,90.20743445621972,47.072303405390684,success
15,68.25246502460902,22,73.40355559232685,50.20212471176587,success
16,103.13137412277082,26,52.844244583625226,61.43020402005921,success
17,89.61506638996728,29,76.2155317269747,50.9267241784263,success
18,129.42741997785822,18,79.23060376239599,45.99364458215412,success
19,92.75927773436368,19,61.18627802880899,54.98855954496152,success
20,77.63088895994125,36,65.62052815998335,68.28948316802742,success
21,163.96946306764661,29,83.47652344234238,56.621296805608765,failure
22,113.22671098540393,26,40.39307964415387,51.68538404799487,success
23,122.02584614063771,23,79.97634234683261,85.0302087135616,failure
24,77.2575544135963,23,60.3626928296523,56.008470508598414,success
25,103.66851826424451,23,48.311325469834244,31.796355507883867,success
26,123.32767769129599,23,49.54540290058492,63.361109716229905,success
27,85.47019267733091,24,52.02916798221368,59.88950127936531,success
28,131.27094055037017,20,46.84893919848196,55.19406158734895,success
29,101.98083930243585,23,91.57083461583524,67.74828040867504,failure
30,111.2491875062017,21,72.36804407751502,69.55599237100238,success
31,101.9488016331181,27,80.96724130412852,64.58522393768261,success
32,175.56834553526812,32,73.43552437425016,44.79639020757359,success
33,119.59508325786199,24,65.9184141270526,45.21146667247648,success
34,88.26867213132299,19,66.12132985048449,68.4080264800238,success
35,144.67634736309566,23,59.03731041635207,32.4733128766576,success
36,83.37469050086933,19,60.263264353397446,53.213829818054634,success
37,126.26590785014267,26,43.87844939280663,60.277909684372986,success
38,61.20989628360673,23,81.22739226560395,33.99510717462995,success
39,80.15441853304708,30,37.80150070995432,57.81211886620359,success
40,125.90583707607371,31,49.12084114206201,66.45314891903143,success
41,409.66411674528484,29,95.18051196440916,37.17308715875829,failure
42,125.14104843569912,18,67.0425932459724,74.8980424803299,success
43,116.53055152835279,18,67.66565667545298,42.88203908681308,success
44,110.96688913232134,17,74.56007821651593,61.89683495772436,success
45,75.64434028897718,30,41.894937603179066,53.99684285969641,success
46,98.40467374815874,22,44.093099502949656,55.83418748440542,success
47,106.18083687120638,33,58.3265848017673,39.59805837191012,success
48,151.71366678656747,33,51.44958563678465,70.12567554823671,failure
49,130.30854868705384,22,63.87566052485899,58.9106015602028,success
50,67.10879533911799,25,72.28323942953205,74.45008212283787,success
51,129.72251908184384,18,85.83744571805894,39.91099335305168,success
52,108.4475315875105,28,77.16632509684386,52.82518439345567,success
53,99.69233999082124,33,50.08584932466569,57.514350876426484,success
54,138.35028866522603,20,59.37553883078311,55.724597767539095,success
55,150.92998567487854,24,55.29582243125578,63.00142413606905,success
56,147.93840357348597,31,49.75158681481476,52.67297749691349,success
57,94.82347430332084,18,46.337373309832515,80.46431255560823,success
58,110.72362872446357,19,89.96468581586811,55.478107866258156,success
59,129.93790294210692,16,65.15963364848974,20.390146770851985,success
60,149.26635381367078,31,61.63654690092878,56.010412100072465,success
61,105.6247728646413,23,72.26386349891453,70.13756781839419,success
62,114.43023070008549,29,73.0061915561236,43.92032677779359,success
63,86.80995077981916,21,81.78238480559632,43.158937729945166,success
64,84.11380127757988,27,53.84507579949852,44.91532352392492,success
65,144.37577467182595,23,71.0408332530923,42.08227828027445,success
66,160.68720085712468,21,51.33239035473757,49.24717943552807,success
67,117.83969635258998,18,62.147630843919075,65.91156671619065,success
68,150.10598693676073,30,65.85113850743082,73.31599274095232,failure
69,130.84908075142903,18,67.31725993578591,25.908996112753595,success
70,100.64640736184627,28,66.65481658770786,50.45854415707051,success
71,130.8418681652524,26,77.02746473817379,58.632375932520794,success
72,166.1410969939791,25,56.04517413536342,57.43214036062229,success
73,118.92521882670145,24,67.72511409355208,77.79927599947467,success
74,166.9393096744202,18,53.616427407193996,30.871673085015193,success
75,41.40764687730767,21,100.0,23.931232783738007,success
76,144.6570751312567,26,51.307035233545555,79.74655028845908,success
77,122.61141204714514,30,54.49021018483168,64.04120431896804,success
78,111.02977948602398,21,78.2397211551968,48.143540956565076,success
79,122.75282329606507,26,58.558022847482626,57.059185276815455,success
80,60.372932561973215,22,78.24569191551544,57.9186114707328,success
81,476.427122856412,25,67.29533890588827,47.853750515968244,success
82,130.71337714535238,22,58.95216100169315,56.70134044829721,success
83,164.33682134224549,21,53.70866976312834,59.25776049592143,success
84,104.45189345179058,26,53.167451575446904,79.1863631363539,success
85,95.74519191320437,21,59.11518496230887,66.56141466742649,success
86,104.9472886924639,25,62.38405522482803,75.87187768290491,success
87,147.46206353106223,25,52.52178134864189,38.87714219592527,success
88,129.86253328979052,31,63.36151354720183,50.83363288458571,success
89,104.10719388698884,37,48.58827060997989,57.9069638071795,success
90,135.39802299340067,28,76.33851824894528,31.946790962404446,success
91,445.0311455102229,33,79.21043599189947,69.18231205731136,failure
92,149.05934971598668,19,54.43512214687203,62.70651726773515,success
93,98.93840718367943,19,53.5974041732717,50.59409776055363,success
94,110.17013560206695,36,67.66875210514809,52.79998787799058,success
95,108.23675540603527,30,83.98049139547348,70.04640266588497,failure
96,76.09455155603644,28,87.2999549637976,,success
97,128.88360831193728,21,99.83387220460573,70.53022419594745,failure
98,127.83165816539668,40,80.09457244477287,51.97553516096455,success
99,120.15340369927382,21,64.07669993097208,64.071952633323,success
100,112.96238599874559,24,64.36715449309197,56.04117046694785,success
101,77.53887773848757,26,72.57068548475841,81.79832615981422,success
102,107.38064031703922,21,57.78563794375829,44.35129131870969,success
103,109.71856450419692,24,81.45050948162458,48.12060852907679,success
104,95.93168192335143,27,86.3594340765471,36.92649426773403,success
105,115.16142865001973,24,86.91926416302854,41.83891399564815,success
106,132.12152570443615,26,37.3412781760208,63.557537292334196,success
107,176.5855770363159,31,61.555140969073555,74.20196366638073,failure
108,125.23733438495518,22,35.971541227883634,64.91777044432332,success
109,127.72651172168293,24,53.52079907084987,54.935302003277606,success
110,117.76662252701499,23,29.03751693305513,44.276625980127356,success
111,62.43686354102876,21,71.7539995195923,65.7810240595258,success
112,119.20458373652349,22,68.28964453370261,43.616777137769944,success
113,121.8069062982308,25,58.51098340164851,38.812579188330886,success
114,193.89726337455858,26,53.13277834174548,51.298368001481144,success
115,114.22917105656633,28,69.71047436530505,30.592712597338046,success
116,129.04642027000838,24,49.828668929433555,38.423381505373015,success
117,118.9586469088427,19,48.808068278490104,77.63188403059385,success
118,84.93965887141404,28,46.96375697097936,36.198298906499176,success
119,154.28468443545063,28,61.94238603892027,40.742219427450266,success
120,142.55799098060322,28,56.26538645700856,55.86199489247997,success
121,143.7309584112914,30,59.23642972304494,56.486846560360185,success
122,92.71837635615783,32,72.82713110028098,52.18450843145375,success
123,162.08382932808297,27,79.44944907289249,30.959515013306618,failure
124,77.94446811623158,27,86.75721177343829,65.18187193165348,failure
125,137.60571281400811,26,65.90205466952439,49.68335920290404,success
126,185.71366877429935,33,70.21383653844154,69.64539426609882,failure
127,90.28391024607936,22,67.83269535696371,47.262188541653835,success
128,103.01106811191684,24,39.88721451779145,66.78993206968693,success
129,,27,59.4545441604337,70.55300138895322,success
130,104.89573037651402,26,59.52352665889005,49.396692690954154,success
131,73.48009706801602,19,57.33780761345583,65.56540232926777,success
132,122.05688924418082,19,64.38591007071743,39.057463862603235,success
133,88.13088858821686,27,61.70779170178507,58.16427384483392,success
134,134.20777291905546,25,50.20509854112414,69.66673250025808,success
135,92.4172729729859,28,62.734610692294204,61.221914151569486,success
136,166.49803215052617,24,55.41424404372454,83.87468707423886,failure
137,96.50240122991289,23,25.711359096246618,61.89229590749387,success
138,110.33815451382974,30,92.06643184891705,50.61674496870999,success
139,144.40551652109008,24,66.33371488719618,,success
140,83.07407050698134,15,81.37836971231164,74.6044122081706,failure
141,126.82379803812388,31,28.591951134826026,35.76510925841924,success
142,159.21428262847286,16,51.94412549369514,45.59003674086023,success
143,71.77550296316318,31,71.47180750992139,94.32133915398283,success
144,125.53901575596913,21,78.17293195629752,62.74755525410867,success
145,127.7964838274527,24,58.69829657635973,61.85389644180146,success
146,143.4546861533193,29,54.75826462368396,61.76142318874599,success
147,82.89147867365755,32,83.2956612483529,35.441086486012594,success
148,80.38630160747171,23,76.94139058997852,47.34290144073941,success
149,135.65824696850694,23,77.87927597114023,53.20857694331627,success
150,128.90954019699558,25,57.97903996263882,33.136953408151335,success
151,127.5147855103763,27,81.70541356525518,44.53806680130531,success
152,130.39344628490926,22,35.823969007044326,71.27720452198878,success
153,99.59925835264528,23,81.9684513748852,36.35108802436494,success
154,126.9676109148301,23,64.00201769837166,72.46312592462178,success
155,128.79217419896042,26,66.93401286871722,68.09378911042603,success
156,98.56945745920896,31,50.82121012883785,51.51115336234623,success
157,175.9732353343427,31,37.789604778377736,47.213524007587786,success
158,134.21498762735362,26,66.61556221687596,64.9819314657436,success
159,84.26089508392054,25,73.27091824387097,45.547118069252434,success
160,139.69660825901488,17,75.54038577228147,46.14402460064652,success
161,90.75954989318035,34,73.9216789373688,54.71357915194326,success
162,143.61253811227357,23,70.52242542580186,29.437196850556983,success
163,154.75786737022213,19,51.1432034571056,37.60029281917953,success
164,95.37953044944868,23,76.5121410878005,51.212065011982205,success
165,148.90128387732966,25,49.46566478787007,60.70835238655119,success
166,132.38342780809495,17,81.60596354097702,45.38111274305586,success
167,,19,63.740271967907404,52.62867426373981,success
168,176.9037894796184,25,64.23936170201775,35.638487102348414,success
169,112.63835651991388,21,77.98889927457653,66.18980622724385,failure
170,97.38791506927531,23,,57.64098795473178,success
171,93.3145671112343,28,76.55958018425207,58.70255083167061,success
172,95.52569145103685,25,52.69313225666497,60.85900741581874,success
173,117.68694871757687,21,76.44004325657828,55.93753004193743,success
174,130.2345592444993,26,52.778155850443284,49.19472689711201,success
175,128.30072397990057,19,76.81852102591489,68.5558545846437,failure
176,144.8154974710807,20,43.62255205906603,56.88257377312927,success
177,120.39005675633722,29,63.59479907092453,53.01136685591891,success
178,163.6060223147195,22,52.68663290741493,54.89614415295395,success
179,112.06029500286132,24,78.04903478672038,54.64041920213512,success
180,201.60507499768858,19,81.7275016113352,52.89081275289625,failure
181,138.7700204329502,18,67.98494770687898,60.35327635009489,success
182,347.35686186227707,26,67.49163715906826,43.76967733453158,success
183,87.87322505816664,24,75.56265683721703,44.6465075711163,success
184,,29,81.81672319923676,61.71116427314362,success
185,113.29611644022447,15,65.55966761993243,53.257127911266444,success
186,141.42001482276277,24,57.50487012578029,66.65671722571716,success
187,134.19712873720636,25,74.70901229660733,59.906548007582366,success
188,117.81513262029382,29,37.11908943359494,48.36846507908521,success
189,94.59618845794785,22,78.64477309338238,61.901156357544096,success
190,74.55458325942406,25,54.34719575837432,69.36629149550723,success
191,106.60455143798937,24,61.39658200591327,60.36375467345505,success
192,145.69196382970418,33,78.74076984677467,62.98701931680156,success
193,126.42281232390611,24,58.76735725415463,52.93874979275916,success
194,82.62783663864036,26,74.71113317862205,66.91647859456603,success
195,125.19542777553546,30,82.08363131111622,48.031715020844274,success
196,131.5595213918651,22,66.65049635071259,59.0625163088862,success
197,93.48427691396601,22,69.67172233737068,85.83407382923119,success
198,124.61175317836583,20,,61.46657267230792,success
199,378.6895693127183,25,66.7339699559558,49.951465232897576,success
200,85.71089106508131,27,48.25392830074952,49.92049309970321,success
201,130.73362081044849,22,60.59392870162887,54.14389963251587,success
202,136.82353579104702,25,45.67691589526221,65.21494938075293,success
203,152.4915372952583,23,51.518491632089024,56.749330110008586,success
204,151.6140615610471,16,34.95576468991756,47.21766624113924,success
205,78.66991896128727,28,68.9589223025733,47.19643608653572,success
206,91.86524880254632,23,90.3740324806612,56.82459197227576,success
207,135.4510580162598,22,58.15841397289144,55.50873984086549,success
208,135.41357852736627,26,79.47700385858569,60.459714029428255,success
209,135.45143058918143,26,92.86766877557884,66.00987874941873,failure
210,235.58194471964163,32,47.01294148477594,87.72831642891398,failure
211,137.126715320795,18,50.24309123463767,37.455597798788794,success
212,154.06696920541796,21,79.86197132528311,63.242345527437294,failure
213,148.62005290479607,19,63.614879555122215,56.179692500659485,success
214,139.54173753917394,27,45.63816700774111,32.86508522667294,success
215,110.54192266078964,31,55.44710619607089,69.99436868382072,success
216,142.76907661479802,22,71.29490367218098,60.05407871898337,success
217,96.81524356387285,21,53.090949888427495,64.59767551384188,success
218,112.89544179779973,26,23.381947018484084,34.60697265882781,success
219,105.4390935651269,26,60.16980234188245,52.354996870021495,success
220,122.45622418158968,24,61.385102092172055,42.04963666126845,success
221,189.43975700020525,20,65.1383965121649,80.95721131216735,failure
222,63.98204422224756,31,83.88325059934294,68.73460414893258,failure
223,140.5878057112354,30,65.80284196848568,46.828386600574454,success
224,71.61852386431045,27,68.6440603163856,36.56033318860477,success
225,424.8850892943456,24,80.83305460474129,57.32866079660506,failure
226,152.66851790902098,22,65.15516023753644,,failure
227,121.92840057286388,26,97.04781117935153,34.179356734768845,success
228,87.66765666212082,33,46.04437559031497,43.81870394808196,success
229,98.54088872220095,23,,41.7329834918325,success
230,140.38793246804028,28,74.2093761240622,65.40335399092704,success
231,98.0890010484859,23,83.81470299407958,50.56205093746585,success
232,126.49375768745925,20,61.988075046970636,51.064761731469936,success
233,121.36715519711441,28,49.840682438158915,57.09585616766761,success
234,100.4519895718255,32,91.41484377838027,44.46063025205183,success
235,184.31832267975977,24,53.114466577935346,37.67575915926922,success
236,139.01757066954033,35,70.08581676699468,71.43622194832342,success
237,59.24572240027179,34,84.71227717021678,72.54982850175513,failure
238,125.59362944308283,18,58.37592164868469,92.20586419370638,success
239,100.14640605694836,31,55.66808244114929,58.02586606801144,success
240,145.5730000438867,24,56.69468386955504,70.13216771896009,success
241,96.22437784701899,35,78.52326884862147,56.87984267924488,success
242,116.55790675599303,18,80.9022155780399,49.97106512867625,success
243,135.1496183694137,26,65.50588087643192,55.47206952132956,success
244,145.97265582510363,31,93.246233796046,71.71802364600967,failure
245,328.9930144759634,19,65.47949838905191,55.63986002114567,success
246,109.96496292477156,32,84.38499821252248,46.967409584157366,success
247,105.75164066517132,21,58.51997593623591,56.76402459142117,success
248,100.40012302278865,21,100.0,62.87467765042917,success
249,172.9636272084329,17,88.55197123369567,61.43504193886838,failure
250,132.14945132882866,23,63.08038046707227,61.63388737685931,success
251,82.17348136994865,25,86.51810313075504,,success
252,147.5358584116433,27,85.75970736758026,64.24124279870148,success
253,183.664685910379,20,88.29561614438973,55.34159127054747,failure
254,150.9739578165344,24,27.770204964195422,46.45850599036654,success
255,74.4189010213796,23,75.79027173936254,64.1458205638244,success
256,105.47297781401247,29,73.13448153958612,49.55633381299883,success
257,158.00733447559867,34,72.06609921415179,36.10843181733336,success
258,98.76991603143658,24,68.27519650096846,42.992771426676136,success
259,133.31458284438685,17,68.71716919271789,52.820356803435004,success
260,143.23902160288011,27,84.24710457947121,,success
261,92.19208585265751,29,73.09210060540057,44.63116057494291,success
262,118.214239318146,17,68.25359665598545,52.11205047474958,success
263,,21,82.09071522253429,40.4007132200433,success
264,89.2683707599713,31,71.27039267617805,66.78439499487773,success
265,112.4229554582052,36,72.7035264103007,75.60797336746663,success
266,,29,93.0055566321684,74.31139029385984,failure
267,168.97233911794905,33,58.48278931175529,66.57975460583366,failure
268,77.09575866118102,28,42.264344923981355,65.35011948544314,success
269,106.79866539909048,13,66.08545266486196,30.137445707161568,success
270,123.92221731858274,29,68.21815017435446,94.56221173643628,success
271,163.23819867198347,21,75.82293544185787,49.046888516081104,failure
272,76.92413546461682,26,66.60973871992941,65.56559633253882,success
273,154.8949125646488,23,76.32678865958839,24.548825491824054,failure
274,120.3069918305876,20,100.0,57.31561243324214,success
275,90.55474046856148,22,77.02271478315514,52.42667459401117,success
276,133.86310422789813,29,79.65972951577203,68.42115919517686,failure
277,125.9717908672041,27,63.057028884163486,73.57584464409686,success
278,101.99349368523616,26,44.22114365739047,43.85384779584678,success
279,122.09406254970057,26,30.52832619305382,44.39547476923822,success
280,108.44059209414719,28,57.219791267964226,57.765959454540564,success
281,123.40552035753744,30,26.294425160523204,75.80515229825849,success
282,139.8639202356314,22,72.70323537528911,55.72173612739619,success
283,167.58050448436057,26,59.25774523362718,39.65006301574803,success
284,82.86553503519453,15,45.29937700287135,47.72957864604049,success
285,183.991001239688,21,66.96311179922938,57.431969973561536,success
286,61.437366014324944,27,53.920517095372944,57.88242914276748,success
287,115.4464471489325,26,71.76164380476153,46.55094837289152,success
288,137.64951619453728,20,75.61439494733756,47.49051167464454,success
289,128.429756032051,31,54.47248755517337,43.22118406532322,success
290,101.31901440538219,25,61.440782283645106,68.69405420624554,success
291,113.75633248928175,19,68.22343630757331,44.982697848479326,success
292,105.20997196023501,22,43.89436679686362,49.422469552980594,success
293,102.31905729167366,26,68.22211284315524,,success
294,145.48806291063073,28,43.53472027880906,35.7285130298153,success
295,130.71046457895142,34,73.48575469329305,44.63901634218621,success
296,99.21271214218038,21,58.47254506057701,69.73765119143846,success
297,146.9879962629975,24,43.451858989336486,40.48854589851126,success
298,129.2189856262983,29,56.30039601288764,43.43629237808359,success
299,144.3858635651688,29,56.93488128209837,39.00945071464889,success
300,138.88886525770837,20,81.02781325080417,53.91266127722487,success
301,95.13014967233784,26,67.59957048928692,77.62572065519548,success
302,103.19456879409091,25,50.65583813652301,53.40766934167514,success
303,142.41880815369785,28,89.73599430800729,55.80114550425267,success
304,138.31110796300393,23,74.39735602265837,45.454633169596136,success
305,119.37295218107556,18,59.95516447130507,54.26058346249273,success
306,123.51982149926346,25,41.69248721457467,69.74860367617138,success
307,158.32994687365274,36,58.631096307797094,56.71491265165808,success
308,102.2528583349251,20,61.69230373013494,80.58124098474596,success
309,136.41292143510114,34,70.53548497175383,70.11375654766829,success
310,113.93422042698317,20,74.10884764489484,53.9642038546608,success
311,113.46956390318338,29,77.09873143116103,53.73054549289462,success
312,152.96330555961572,28,40.82798853742179,74.57107765148358,failure
313,144.7624904696409,23,68.12757231744864,56.64790691026275,success
314,144.40528908001914,29,62.605762621276824,71.90705872326068,success
315,159.16436421462987,21,100.0,79.03488808152,failure
316,120.63011524898278,26,65.97041658644557,52.54936758611069,success
317,140.4585891388489,30,55.66020202307943,59.22346439122019,success
318,110.69199730219631,26,66.65553285075373,66.76005021479655,success
319,129.72499057465328,20,93.4887041660529,64.21000046827024,success
320,116.09570836896947,30,35.164410392734766,64.12588879504602,success
321,122.90987894978154,21,71.12456695126755,38.99831407386718,success
322,137.85471076310742,32,60.34162863982127,44.81899926205841,success
323,95.45337950299583,33,64.59963177259222,49.05679574870575,success
324,182.7716182705638,25,51.89647199164163,69.57304964162411,failure
325,89.81947855500894,25,48.59128654681646,40.17550111447737,success
326,83.57434161636803,17,78.18323501113468,73.27872048614607,failure
327,154.74332620500203,15,81.62684984664236,64.3580093689442,failure
328,143.74988081888807,21,71.27147908155852,68.85076269667329,success
329,138.72359451156467,26,37.83803599160548,43.84560307306002,success
330,138.8503652779284,29,72.24595038891985,55.867628352281564,success
331,119.63259681459256,37,38.06095172994971,58.587313433575794,success
332,93.08236885542505,28,55.08236547757602,58.059604024272325,success
333,446.48974636761795,24,77.98337673135863,58.54788881016061,failure
334,99.68514865463665,26,74.86397722556737,51.68168223525866,success
335,149.25359200253254,22,71.85451046800205,56.622484972763914,success
336,115.58827855493584,19,84.69353980879676,67.40276746078224,failure
337,95.23508409622465,23,73.4002272111189,41.001852298709316,success
338,110.3584247504102,26,34.714711624386766,73.56460142686484,success
339,132.38794362826872,21,59.457037306154604,66.78278747642136,success
340,103.08826341588076,26,64.3758731340341,43.4175772878,success
341,95.33338813300705,27,62.618874098459415,59.60603252146386,success
342,127.31061634475736,22,55.742972373464156,65.81798531389654,success
343,127.34899713326169,24,49.54765799804608,40.176480113371795,success
344,104.7917047388661,30,100.0,55.50374120051921,success
345,105.86885083145032,28,59.16882762191327,54.057816389979926,success
346,126.96149812072909,23,100.0,47.253033489917264,success
347,76.55746975508028,25,47.88064392865919,56.10828204116816,success
348,77.77608676870335,13,74.85590103138512,47.796561088446516,success
349,98.44667336242692,34,68.44462124584804,71.49168482764884,success
350,113.59658544864459,26,51.17075709402409,47.480268144071076,success
351,129.32722696794013,26,57.98664335268975,64.5037472801579,success
352,164.26068650848657,23,64.77304895958545,35.13536334855803,success
353,145.72978869606058,20,52.338250742508116,53.058282353800465,success
354,115.20184410109718,32,61.1578910894686,55.14773388821631,success
355,119.42951376291934,20,29.526463619140777,52.668507392613634,success
356,89.92411906086573,29,75.6727398540311,50.24418043365531,success
357,119.4446059202283,24,98.41107308938871,46.98981969585853,success
358,111.34024083239585,30,71.8154556124799,64.05448936017883,success
359,129.6815568101427,21,98.96387191906669,66.99349426114456,failure
360,95.1830716934303,24,,54.0140693697202,success
361,135.58039542723517,29,82.14214458166339,41.840349903740325,success
362,165.98216739007734,19,83.57544248765166,76.52739197664194,failure
363,116.73719554629427,24,23.734799651215482,44.44243080510543,success
364,132.05135166296824,25,,37.486932898202234,success
365,140.70431975133337,27,44.25597574524828,30.848537001762757,success
366,107.96338584342492,23,47.28644822643792,56.193422762951926,success
367,126.7227744543125,27,49.89540092297128,52.39100337381716,success
368,120.37777202345384,26,60.30926299973935,67.37147978975608,success
369,122.93028295646495,28,74.75689941106546,62.33301476134657,success
370,96.809706484336,19,71.50984737510056,58.48241469502045,success
371,120.73530522776828,18,64.81127925773603,51.743593654447004,success
372,134.9399487373635,31,75.84025161808941,68.319727266372,failure
373,163.53430823385125,10,76.75229482388154,77.40867882103039,failure
374,148.7781247825562,19,71.63936283850018,67.10775038955884,success
375,184.5954737253467,27,39.13242820887821,49.43762042980948,success
376,96.97957311335851,18,53.91000815964914,64.3787866465861,success
377,146.16961910162036,28,65.39491750913973,50.17492329439342,success
378,125.50026017215055,26,76.00179324711627,41.73919220968031,success
379,185.6940879965302,25,45.071305134140204,44.21153125453666,success
380,95.75105143934546,23,64.8298221533708,50.701859150347055,success
381,94.80834473457672,18,41.515633154158216,56.24751614756253,success
382,102.01822063667933,27,80.38876978578917,79.72697383090551,failure
383,56.283128270705795,17,68.63520917547086,44.419726292657586,success
384,104.22734934957717,25,44.80795946066086,70.88186187629594,success
385,97.22602015338906,25,44.7090719329356,51.19288537968917,success
386,124.51181359428622,24,70.81147807376391,30.803380150655876,success
387,130.25267927331478,25,85.62198371844748,48.931287964835946,success
388,176.28512517647658,36,48.548212438259796,69.12036391801229,failure
389,148.5127151455815,28,76.79906162924115,59.13603423195083,success
390,102.69289033012791,22,56.86643422958255,59.85341438396748,success
391,93.04755985954927,25,77.3479115403933,70.94204810613256,failure
392,134.75757514519518,27,75.24786365547969,42.563964532771266,success
393,80.39300378938074,19,67.32949762223659,42.37899483889299,success
394,174.94376297563062,20,37.484130405791255,27.83525668844291,success
395,155.38320362163861,35,75.2177847518617,65.52498485491341,failure
396,105.92473043685885,32,72.53028906495297,61.749810803555235,success
397,68.60596412727367,21,71.15644629791754,63.68759823509337,success
398,160.6161712249624,17,67.93511094846467,40.80386531131863,success
399,116.56380464242146,28,51.81819667501838,35.74901252896177,success
400,157.13448935920385,20,81.24444156528668,39.164580298800004,failure
401,72.16717023616899,29,78.47209581224953,43.929132731695546,success
402,102.01874931138681,29,48.868658347330026,73.64750690695425,success
403,120.1573109915455,33,84.71442515776627,67.00152068539002,failure
404,121.40941781294227,17,66.9750415195308,49.50135231255616,success
405,106.49803585562269,20,66.93705429717758,94.27791479375315,success
406,138.68549797042496,20,62.35466995371976,46.85965304622714,success
407,87.97138711852216,16,63.83009905122416,59.37135712937988,success
408,115.7286154493612,25,85.56348782464654,41.34285114709602,success
409,123.60886895135697,27,80.49612476897774,,success
410,135.43316502176248,28,80.17770625459123,44.80356042898728,success
411,141.3484463426667,26,67.76846528818068,64.67098034251788,success
412,86.26073724486392,34,78.33757585301595,,success
413,73.97657487793134,24,52.485303889391425,45.51908855682071,success
414,158.33030465695526,24,73.751644677471,74.35596060699588,failure
415,129.96942035938775,26,62.69767952046549,57.12335421872518,success
416,97.5454039033034,28,34.10292518887516,51.133823547417315,success
417,166.53455926567568,26,41.208475117670545,64.09813970021517,success
418,123.47023902878576,28,55.0553182986617,38.92010716510138,success
419,155.3789155219148,25,71.22730976523066,68.28236307112431,failure
420,122.02555444230327,18,55.068803174990464,53.32666352309861,success
421,181.82243774645963,27,56.13324893922937,62.20945258802125,success
422,172.66022527329613,35,76.44891382812263,36.425518467722966,failure
423,112.5310755456278,29,56.67481820825469,50.41088850240405,success
424,149.14712852863067,23,84.96210863051617,55.05496167214581,success
425,139.36127848755442,27,82.47685609730202,67.36359056342235,failure
426,161.05894672597046,35,65.32821980856977,63.164932767249795,success
427,91.05229618259686,35,76.30192177487493,50.290275548591,success
428,140.58154379995318,28,74.25860681534573,58.81537308788058,success
429,151.75273460548763,29,61.315020860608946,70.07882922072378,failure
430,67.23781540730657,27,77.92451994458219,52.60013819892928,success
431,84.50224462002674,29,80.13353083085791,51.29362047477631,success
432,58.823034667196985,32,50.71347153814399,32.323544286965046,success
433,111.91779496666327,30,67.30322957481111,51.65113197588628,success
434,141.52626767387886,21,67.13755733864248,34.12447553578574,success
435,165.07071156288083,28,77.74429201176056,53.62798385160151,failure
436,122.22284341259325,20,58.34212474325995,66.85762171891297,success
437,168.85846636713876,30,56.03359500835357,29.564326299438214,success
438,78.59695625355326,33,67.5349949046673,69.81050589544948,success
439,68.89852681934536,23,82.7203883488036,51.03732248012562,success
440,118.33356903310144,23,47.009343268851,54.67402159448073,success
441,131.52196346817922,20,49.62790769994308,48.9709626383375,success
442,119.01915755717721,26,57.19242638044118,34.441157409416085,success
443,57.9767369988037,22,59.86134391877671,45.60412990844512,success
444,117.32639881461635,23,38.516257963437276,80.16892082139381,success
445,80.86591498485441,22,87.47292930372721,41.84745404495858,success
446,140.09017646490116,23,63.04540112976332,35.9374916592934,success
447,130.99794738290544,22,60.79843213730043,56.69549232888524,success
448,91.80360641017934,24,89.33956307053126,53.9706818179322,success
449,104.5839924798992,30,75.76690242685719,51.12004251045223,success
450,88.22359434333146,31,56.96867183999977,55.17337532022707,success
451,118.11962708180485,30,67.46911767962233,62.73043132835388,success
452,148.65426961503715,32,64.37394301435282,47.95403680257623,success
453,90.42821860993368,31,86.72526285393914,57.3329224993914,success
454,135.12139546553533,25,62.4886369747461,67.28649594556005,success
455,104.09227144882678,30,43.36910687212685,43.05653599894246,success
456,96.21381503212967,25,36.84163839792056,27.13382387273645,success
457,116.78908920136327,26,87.12742021110031,63.049701905151,success
458,88.94273032741879,26,53.17077953356055,85.03555090723567,success
459,103.39052083958454,24,75.05317483449966,54.91174415621421,success
460,84.06366322233455,20,66.07645146072578,57.42318641279147,success
461,178.94175398749167,28,58.750178181826136,51.45029880287211,success
462,121.05790655915186,24,61.102288744953114,74.05673009812311,success
463,99.00823476022244,18,88.75066822294299,54.0669168046616,success
464,126.41939732202665,29,43.279048570353126,52.76123007982078,success
465,116.6301585092751,30,59.20317153866112,65.93036577123044,success
466,113.37091201400331,30,78.59848641025552,49.18872445363814,success
467,317.2849221525093,34,45.75282487330615,39.58367558708974,success
468,142.72523130141914,26,84.75924211666377,65.58760455454834,failure
469,104.08496557168418,29,78.38374573630438,47.90143350793425,success
470,102.7254527806596,20,69.07693527698505,43.29447966788784,success
471,111.74844908545069,30,57.45264643588599,80.20057790287824,success
472,50.94236505793245,23,43.826507672240645,52.856838361327455,success
473,74.54426813404343,21,75.60568841201106,60.93071298756799,success
474,161.00622802333572,33,100.0,55.35433889209332,failure
475,169.34903140503852,30,67.18838803875288,44.36416611555606,success
476,112.52891881330865,25,37.60931883902148,63.273203440263075,success
477,137.296708891673,32,71.86274735190122,58.77494780544069,success
478,129.33750463630608,24,77.90394457101793,47.08744202032081,success
479,212.36642425365713,24,51.23221352156094,60.19828405427606,success
480,153.5872473430373,28,55.317321108659065,48.82827887043997,success
481,116.162472255577,25,53.78932656880562,41.74605567869764,success
482,91.33378678198723,25,57.02954199704467,40.531992947774526,success
483,71.80661039227283,22,62.417553285829314,58.240703451555746,success
484,126.10390907601669,23,52.086483372597456,50.407228840858664,success
485,97.30947764147089,18,46.46243387971663,73.02044822852754,success
486,77.33238871206977,26,67.61563078512526,54.484502639944516,success
487,100.60281347272421,20,62.26006940204449,45.57756047855702,success
488,87.55355989156814,19,58.456373448247746,56.89381166372694,success
489,170.61424905217694,21,66.24784575082272,39.46879214110473,success
490,146.4491927084835,29,42.19736441662334,53.99042511370357,success
491,119.76082076050147,28,68.9480438449514,58.8300013177393,success
492,164.39832416670077,29,58.76467699565656,57.34806769162367,success
493,122.32104922942855,22,68.59234202169169,70.6335991662371,success
494,94.1614739601521,26,70.99473658128451,86.1702055101334,success
495,165.69372231808973,35,81.96726917429267,63.05676845609542,failure
496,136.16730131053976,25,66.54431625483367,69.14555593342624,success
497,88.88261537020631,25,81.0007824508149,85.52155191588687,failure
498,114.28983965749175,29,60.17130288304865,42.92528982620229,success
499,93.7314523984573,29,99.2316871175418,56.5675289053001,success
500,78.51600807106992,31,63.63607740764487,49.2640416149601,success
501,147.78532642594925,24,76.61187351017318,65.11189252313287,failure
502,177.28249921410392,20,74.4643861553437,58.25942703371945,success
503,78.04297278542576,32,67.0260781979269,45.17881216115279,success
504,136.88907710071712,28,46.583969875932176,55.13137379616453,success
505,100.4807229263452,24,74.19588763649489,67.56307287587062,success
506,465.57367506443455,20,52.07893047825544,39.3553044276992,success
507,102.22818227283392,22,51.2615390930042,45.43186533233225,success
508,94.08027690960552,25,47.922723650934756,43.632698979498294,success
509,121.45564883834481,24,63.752469337969465,58.91675866584292,success
510,95.07149650766887,27,83.17586447706032,69.88619295537953,failure
511,128.11370477339517,22,50.51959183429679,30.883186416327863,success
512,118.49285671652589,20,90.17863929761131,56.132782761743,success
513,112.8315585940077,31,78.64715333680358,43.909351392697786,success
514,92.77309013875207,16,43.03096905124063,67.06483329795981,success
515,102.69686008295002,27,59.25837226732518,52.15638069314495,success
516,142.6617367747727,23,49.396245995137924,56.56808726892877,success
517,135.0275156287314,13,74.97433186603574,54.98395605757528,success
518,90.67334265604347,34,50.177549784943864,68.49062563827815,success
519,122.97996916287677,23,40.68320784415731,79.58357836957339,success
520,142.54161370115366,17,60.114113348943675,41.38401604142271,success
521,69.91784156635885,14,82.54091110544388,43.56932658406417,success
522,136.30080577139805,24,62.1122566423617,58.85797483065648,success
523,100.12128723162459,25,70.97665795035023,45.20317182037698,success
524,137.1179600577948,28,71.5584664632056,66.2030052448033,success
525,97.1022253037245,28,42.31586610888388,68.12940950901205,success
526,65.85353698006443,27,51.50938809268019,48.441084253042504,success
527,71.17372686350512,23,65.09696280796396,45.8375528003023,success
528,121.44254839984146,21,56.63967524516917,51.70265174016737,success
529,127.79167505164446,24,90.56681825591237,56.24821856755622,success
530,92.87050124686775,31,46.57516407378665,58.7780462787423,success
531,139.15777376332122,29,51.361098451507246,27.96619529140996,success
532,70.1543981319312,24,69.35816389219619,43.39053377379858,success
533,118.0176060405805,23,55.58159993325066,50.150807813552994,success
534,83.66951400712631,20,21.622511015746902,45.436128019037355,success
535,100.44491676593523,28,94.02021844120725,20.623481291764563,success
536,121.42196013949243,26,48.88541920660269,32.33953041574368,success
537,94.18759904148143,18,73.4133908402271,39.335697692987594,success
538,108.46333367310524,24,46.19913243163768,53.616589589761375,success
539,150.1887842764332,24,52.05447639375515,49.765573678224285,success
540,102.69324391430554,25,40.65600495978143,47.4211710096571,success
541,145.07076336195425,29,53.8820989960538,64.55817952951409,success
542,454.37154523632427,25,55.33577273827176,64.55360397908514,success
543,135.8941253374585,24,63.011514839826546,56.799023841782486,success
544,163.247058619737,27,59.41146736435326,56.4414433926239,success
545,45.85066499618132,30,43.37720259554258,44.720073388799065,success
546,96.09314233588569,29,57.1415025748411,46.15609203212166,success
547,137.3121638154162,19,86.7051600016221,34.50820740249738,success
548,113.90863841871023,24,84.92585818117719,51.99098281866003,success
549,131.13437620113928,24,71.83530543372035,64.42889547653436,success
550,101.88044439852538,30,74.9464887011026,71.25195876129472,success
551,122.597693624187,31,95.9123420170302,52.06264170513444,success
552,115.32968293823761,24,73.56871489382746,60.90002598411629,success
553,155.0334618497942,25,74.66284790806326,20.728129085665643,success
554,127.63262529903639,24,41.53125460829686,49.80486015521891,success
555,130.12807986225607,17,48.31054158142792,49.52365143840083,success
556,107.64369101632597,30,64.50964524498195,72.8940197707046,success
557,105.3718132778252,30,52.88836662388629,59.71520153105702,success
558,107.02325436541138,26,50.03067069465242,60.931065074567286,success
559,131.8335642713489,32,51.76311427651627,60.307939731987915,success
560,107.3704655753921,24,43.646440367283084,55.54531278798665,success
561,128.69324570689238,16,53.12923270876922,73.38838397018955,success
562,182.26202395936315,33,70.09153332216349,27.336645424419125,success
563,146.13374110295078,22,91.94485889727028,56.75452490458502,success
564,110.21929403496476,25,76.95473274070429,68.55763421967477,failure
565,156.03641766491836,35,74.54233227559153,,success
566,107.75773880935346,23,40.64699923402391,65.05501424526763,success
567,,16,66.78945057533026,45.866041104816205,success
568,89.75741067247787,29,63.99560145054291,56.3177911461045,success
569,63.87624236922433,19,69.36111645426769,45.635687428654876,success
570,109.45459547876074,26,59.58968795783811,66.50982011858827,success
571,120.55255137568655,23,89.93115111522002,51.5396574253172,success
572,170.2931193682585,27,65.79163274446734,65.14956227628655,failure
573,129.8078212129249,24,67.25335032405309,60.223958035172096,success
574,113.42698413573407,25,35.563396627297244,45.47449019129394,success
575,144.88216743550467,24,63.39986477083519,61.022310284746304,success
576,53.66594072976345,31,82.23889025045952,47.03717130384722,success
577,127.06843674325698,31,73.33363412211553,55.76953712607968,success
578,143.125955816609,34,32.66613590385337,51.3208676621224,success
579,75.64241262660475,42,58.25487390280664,65.79894239666528,success
580,154.31262129620788,26,90.97849201044505,61.483867248849016,failure
581,130.15489222483242,30,62.740389195777134,54.63134141674309,success
582,107.54136258297596,20,69.83623974066691,46.77145867413207,success
583,138.98345598318855,26,89.28513930930953,39.772102122031384,success
584,188.12078573413186,36,62.68078787679641,56.627877031488374,success
585,125.45598765175485,28,76.86544789936855,47.412509282178895,success
586,127.44661758901009,19,71.17093815737542,32.46404610911409,success
587,457.54260310554173,24,74.37723295265589,39.039657508044996,success
588,94.50466891605625,33,70.68823485250205,74.5105036665006,success
589,144.91007449632735,26,56.78555182227821,47.08028338012666,success
590,94.31748522273398,27,95.59616855644724,67.98595333012481,failure
591,122.14698711658177,29,52.18135729447512,50.720203273620626,success
592,105.6702765970465,26,40.40436321694567,69.87493162192976,success
593,134.36939477239176,15,83.66794866014965,69.00596820969254,failure
594,130.00986315860845,33,65.15124450321815,45.09165487719211,success
595,151.12619832773697,21,82.91240273786687,31.14429199830874,failure
596,104.69950803435759,26,88.48059011876974,32.16015427563616,success
597,111.90375194119886,23,65.80126221364316,45.29606195253152,success
598,90.63708852653077,32,45.29766302464063,77.67561310669049,success
599,106.67120219771665,20,62.05717781221301,50.07325510092953,success
600,131.31901479134558,28,54.93284589855318,56.742927400881456,success
601,142.70965849936056,29,35.29774311417519,70.64004239444068,success
602,92.33504027467123,23,57.47406642606683,56.323856357340254,success
603,146.0881776031698,23,63.92694181903231,55.9106924622493,success
604,160.66913576414854,32,55.35013406353018,62.47195832734176,success
605,132.40304709671102,26,53.42682369572769,58.46763706611985,success
606,176.303874376742,24,45.83696266800568,53.80639473995818,success
607,96.78632402689281,25,67.93883222531416,46.34260788163069,success
608,82.66035890065749,35,93.03903924824361,55.941866690385474,success
609,66.63839253287165,24,84.17935832076722,68.13279756499769,failure
610,164.8813293446755,18,74.80440331980448,76.38405504398466,failure
611,139.63096969062173,19,75.13113678396562,58.50731969882692,success
612,118.33245987268634,27,63.01035283611313,64.06193362115168,success
613,128.39905878959462,23,37.932302310694396,58.236768485953746,success
614,86.2353285810487,29,59.45852465808951,53.952047627156766,success
615,,28,50.46083469001775,61.17108494335221,success
616,123.87663545925682,19,67.32045124017985,69.27199401174981,success
617,123.28184383814678,29,83.49822055908132,44.36365796777026,success
618,141.77299871696076,22,94.60114385372691,37.58323957224509,success
619,134.4302769521014,23,65.96931546770799,48.603901004362406,success
620,126.71652072837394,22,39.99265494233967,57.539943319596446,success
621,96.28576633664065,20,65.94014075242967,65.43845941145477,success
622,134.14405071407987,27,66.34784244370073,43.125906101734145,success
623,176.460734894251,13,75.18265805789298,25.137081728502267,failure
624,160.36260138464934,26,64.71206674398753,48.8866161199478,success
625,167.7955987991819,35,,52.67302929210117,success
626,104.66352970706444,25,55.51908863169412,41.05271819906274,success
627,90.31185539224258,27,60.32147025336682,45.926908854192256,success
628,116.22639239701056,28,72.69848640222774,65.40740092104397,success
629,121.67174736866083,18,34.87274425784749,55.93744083515319,success
630,152.82574555412845,18,60.24067151504263,59.147465423311814,success
631,69.22606110855543,24,75.31849951993865,50.73181322067343,success
632,165.8865095838184,30,89.61093411508301,45.95067506850009,failure
633,115.25976304263031,29,59.024953338046444,50.645221246910275,success
634,107.1935679015774,32,82.78054671235681,60.9865623301563,success
635,89.63686874219498,29,90.35035768126914,37.104157463905395,success
636,70.35429984402691,25,59.21926398405983,74.80204311798414,success
637,144.69511751885744,33,56.62687200752271,61.89830194818883,success
638,122.19953901565212,26,62.268882948621105,48.569438748511416,success
639,81.30117300776838,23,63.77072322405357,64.76088541463801,success
640,81.14763683809151,32,81.36234001783279,69.66818880487729,failure
641,109.92645902129615,29,53.394122307356064,51.03594340477074,success
642,170.0706457586818,25,88.07098154158204,,failure
643,112.21225945909185,26,52.98863670910673,72.92169056167606,success
644,74.90571140645682,27,46.03362620573655,80.42770176301718,success
645,112.62770807742167,14,72.85665817338018,55.353227890817294,success
646,111.81829290756988,21,83.45840643303809,41.10142783493231,success
647,,26,67.6798322151937,49.3527741409053,success
648,118.37115400446564,22,71.5262659694941,67.39618893363041,success
649,113.07196409373967,30,94.31445857037967,42.63741644783447,success
650,140.88619094440256,28,83.6697917230295,52.50060160289178,success
651,175.46868284836034,29,65.46388126673749,58.511018577179556,success
652,153.79695088643274,23,58.53279675227093,43.927423763107996,success
653,111.93333928335508,25,81.42588299722078,68.15721474251292,failure
654,,29,77.4392587013883,63.327610182452496,success
655,197.20079409749582,27,71.27865023990124,79.1145509143035,failure
656,121.77655302043465,28,60.09479471009767,64.37753075029326,success
657,120.41787875738838,29,63.8541554559975,43.46932437320754,success
658,119.27624738669991,27,62.78720653072916,61.3644287309103,success
659,125.94254282303565,29,60.34446824628058,66.85626008219027,success
660,115.66918764228173,22,55.98277795106026,67.47374576950415,success
661,102.79013979359291,28,68.97797953922452,45.677894225311164,success
662,103.59423176278824,20,55.30527056345984,44.243947571734296,success
663,,26,67.66068756371702,41.32435457069186,success
664,103.69725686598704,20,33.5019015167143,74.2567839296664,success
665,98.61462651968506,34,56.00188747098777,62.47454588610446,success
666,123.19290683075691,22,81.47493801041071,45.14537650949547,success
667,112.35068347737435,24,51.49356161803266,56.526267265085444,success
668,165.11978965748065,22,73.88152941564715,53.51575223918771,success
669,40.470905748209645,22,52.74074374950384,43.329022372411806,success
670,152.74520555767384,22,76.6367848518983,55.434207327479236,failure
671,157.38255577492887,27,60.54336579202188,57.28834345264527,success
672,57.79829302775552,27,59.95030093452071,78.17503713582279,success
673,109.71937217758953,22,65.81527217820525,47.131749690804725,success
674,108.85677402012625,26,44.848595493174564,34.48720810965594,success
675,77.77464915846537,23,79.58136228134691,42.41255517572827,success
676,96.66549937227374,22,84.55150162273605,44.28823091881333,success
677,86.68272463602514,28,59.59952754507564,49.87687388760526,success
678,172.5681133027087,23,72.8630625635232,42.441955250474294,success
679,148.07035179442383,30,76.68366020318086,64.86546406982728,success
680,158.14665284982476,19,63.631136715025576,41.607606843886245,success
681,141.65016192129707,31,48.37629270923202,55.240215619590764,success
682,86.12844686348312,24,88.91123197927767,79.0023062022661,failure
683,104.26439201160679,19,59.11217442606802,61.64281926116349,success
684,134.68123683683754,28,55.86297846179285,60.40908414054831,success
685,83.33616573324164,23,89.58187897000889,77.28779440894192,failure
686,141.38995290517164,33,74.15088151334305,69.94779477084367,success
687,112.79023805525595,33,68.8614511408702,61.781492408231244,success
688,108.75537577351207,21,50.43859004896174,51.27127780066637,success
689,141.32879904610473,22,77.04206087319831,54.727733502522476,success
690,133.3278993445812,35,100.0,54.14435358800552,success
691,109.17101502542761,24,78.20761495817808,50.1828934291347,success
692,154.77989410092744,21,72.44132744438848,57.54443814259509,success
693,87.56810017200308,31,75.81639194729144,59.20897236457187,success
694,138.4780682083279,29,60.07827000247186,40.064458394101294,success
695,137.7930377390515,22,59.93523905610277,74.58450999954758,success
696,110.7136068205803,24,59.74331773645675,59.91757015687938,success
697,129.78399066726354,35,56.37575066919685,51.84660445659259,success
698,82.46659270844091,31,59.71332701335974,57.65411174475349,success
699,147.72081057620704,19,59.64339211626622,66.16442669390321,success
700,114.45293590671032,18,61.32973236748803,37.39976304896929,success
701,104.31830938442882,36,60.9098295262985,53.73927128223705,success
702,151.47027677510667,29,68.64517785514552,40.76973070165201,success
703,98.86968928371722,26,66.18189527311769,86.88404585170744,success
704,77.74616110909321,23,67.51043680267554,56.65823257322338,success
705,73.30112479428288,20,87.83446345016723,40.86705222880592,success
706,138.1802985403692,26,66.15101358074767,95.0,success
707,81.58711942511151,32,,48.56777705463533,success
708,172.64382545953094,28,70.29034309733917,52.49104098308551,success
709,57.542117763488335,16,58.291106136757435,53.35842112017565,success
710,,29,85.24374858570499,44.824563321171574,failure
711,126.33052401607856,16,63.80709098437702,57.96822420995372,success
712,117.09860664388823,17,29.094737723988068,28.471118003679692,success
713,103.65242739573151,21,,68.0307805945275,success
714,131.97408343056213,30,61.26236243084063,41.46634155115335,success
715,118.87095892725455,27,90.35965756213413,50.01614173227626,success
716,153.09905646049566,26,51.5364997249945,64.01823608423395,success
717,123.4268294598612,24,60.010177728825916,52.546467780326616,success
718,124.50905284385632,21,,53.03742703482848,success
719,109.09163363358432,18,70.9161279908627,42.855070687242744,success
720,118.29163128836798,25,62.42814762540299,80.1477786096454,success
721,129.2340530667618,19,53.65271500290449,61.377788586479085,success
722,68.69494822030123,32,70.27618590312547,42.006580620769995,success
723,79.55443733682861,30,64.56048285172596,57.13818935269421,success
724,142.29792282068144,14,53.48256102189204,41.158384064184276,success
725,125.12596314383825,19,54.26230188008202,75.6689715278734,success
726,114.48049990941962,23,52.78291828332377,57.39565552850255,success
727,120.5530179919618,26,50.1116657935418,43.293441665115196,success
728,130.42745116085013,19,79.01050639958504,63.371088827487,success
729,103.80720959071915,29,76.99090037930657,51.66309193542024,success
730,96.65085823793062,21,79.03511684578689,39.54125613373023,success
731,125.87535765293045,16,65.06749323152786,59.572556006802515,success
732,90.64881667154904,26,61.36056818299765,59.23410200965473,success
733,132.24758267143415,22,61.634268351629956,68.65280359080877,success
734,68.92249187286478,27,80.31652359359163,55.774042683013576,success
735,150.8746691197693,31,37.697782670062566,56.284723443502614,success
736,134.17792447239128,21,57.28270844963866,56.92159643854221,success
737,127.68089202941627,29,51.68981558743374,74.14339593408435,success
738,149.48072951836542,28,85.39831319882612,51.27911772071115,success
739,169.9642333338773,21,57.83813714829323,60.63345962566878,success
740,150.4311019505439,35,40.460167468403384,62.40094542418734,success
741,64.77377306005064,22,68.35135463370185,59.19731823076911,success
742,81.61269099792895,24,59.44828707659129,50.82514472728515,success
743,101.25544266912964,25,56.64606788472557,56.44724808769004,success
744,120.782731506325,21,55.099520649112584,53.87610686280579,success
745,135.5297706140737,22,54.5077283125879,78.51052432134165,success
746,98.22768560539603,19,75.62840472284967,49.50683457482433,success
747,125.60300293431234,25,68.35681049836765,44.04905768497326,success
748,97.33851202940032,17,62.03051366554206,54.92557970280309,success
749,101.65446591024156,40,48.52641684730496,54.079621630855925,success
750,77.80016709455333,22,62.46660014918119,57.36212224202356,success
751,92.30300261667287,14,68.90941786400039,49.51064077358402,success
752,79.44946183150999,23,69.47981672389236,56.32448175919452,success
753,90.72380241068002,22,67.41326574487654,56.55528446765454,success
754,151.60925389823518,22,51.161109997587076,65.87187627232007,failure
755,91.51803333504171,29,28.95235111111971,56.11607660450982,success
756,198.97146194512172,24,91.994281400779,56.22970036757906,failure
757,134.79953702642666,27,45.35544688837203,61.1961565565022,success
758,125.54508371084621,35,35.52563061999592,65.41186075817821,success
759,94.2492665945636,18,66.95773419506143,43.19589054848105,success
760,141.00929638226975,25,39.37222245153919,39.97215328159814,success
761,102.73086521286677,21,52.92801877137672,75.34575555260574,success
762,123.66029443936084,26,73.23275638713243,63.448905255137895,success
763,196.80253614806384,28,91.59030902711069,52.367360364047165,failure
764,117.11820300826051,22,70.81267712408565,55.23642323959757,success
765,154.47819978857027,30,58.4126109368468,50.28925968004208,success
766,98.90470724622338,18,64.22870668389737,57.53536869329863,success
767,118.95034528509115,27,37.87121064237646,43.33795372714374,success
768,173.1240190690653,20,58.23871836252275,65.08200382107911,failure
769,101.19098826636699,24,58.253275941095836,57.10544078354202,success
770,174.37345673990785,20,67.29992993205771,57.539525152400216,success
771,141.23255806366427,32,94.13284419040656,44.272691407857735,success
772,103.12599672317197,25,35.94807066901642,61.29120516127163,success
773,138.97223217166564,29,58.8848358263827,44.54834028224751,success
774,149.17663348880188,26,37.49735684012231,46.69418968109457,success
775,138.6542988665159,30,,56.051463081301016,success
776,72.89325840328631,28,52.0309678832301,85.08798279538783,success
777,98.18588472525394,30,42.584805387478994,57.05759360025771,success
778,112.57444093345485,19,78.69638045794669,24.17438944398917,success
779,117.76699712699862,16,68.83471555775644,47.289983399670994,success
780,138.62016292652035,22,76.93783444481069,63.204749346646885,success
781,125.33103002799761,22,57.025192629987586,41.45846866019051,success
782,79.93966923869696,20,63.93925286329876,64.97322929374792,success
783,131.4059355301789,29,88.91960961824472,56.90584689718035,success
784,138.3175723585147,21,64.95919707336331,66.89592631108931,success
785,136.7937134379312,23,77.11934823739162,48.293750688988034,success
786,152.42342176663865,25,55.738155459249064,47.35859302080741,success
787,145.01766463646712,29,75.7402601504639,61.77982189941414,success
788,133.7754023768531,25,56.766209602920476,54.90965950033409,success
789,117.89502865624058,17,36.553664359104914,54.18372625856471,success
790,70.17117199452025,19,64.88625668118438,73.82763842738876,success
791,132.88854657397758,22,57.94545286094057,62.24969112474142,success
792,126.23063061489333,17,40.628279609041066,31.12092439965127,success
793,128.1473651158612,20,67.87239277509761,64.58881747019666,success
794,81.69754272539072,27,51.597102725700175,63.387625604981466,success
795,87.56830378775213,22,100.0,69.21893544668119,failure
796,151.5945855999871,27,43.03336649879499,43.72361896511789,success
797,118.81334538430035,29,46.80612586324791,58.89766990252147,success
798,140.44502092117872,25,78.04326659971686,56.339560254918176,success
799,120.84955128391384,26,63.00467179039867,43.50841783024296,success
800,120.89268418487235,20,77.73803463893327,66.36119881487897,failure
801,148.14851417927994,33,70.70586580846852,52.10144800828741,success
802,104.51865815347878,29,56.26539308103227,68.83278869502801,success
803,122.8836233082295,24,44.31361410380552,46.08569457919029,success
804,106.13174133884873,26,81.06624621092048,37.472974350407256,success
805,106.96511317703053,30,45.673247216160505,52.089205815626265,success
806,110.72483629594082,22,73.38358941746242,57.78295819074937,success
807,126.66401314901138,18,78.78498135885273,48.58964887337306,success
808,105.63754135009569,27,92.79345190931227,18.226517574901273,success
809,157.67268376720563,30,60.43778696468296,59.60378973902524,success
810,93.16178093341489,26,50.244108430084694,59.54776828626431,success
811,114.39385067515923,25,71.94114075056453,63.246007342491595,success
812,106.80806825177476,25,19.31106753377582,50.43409077339067,success
813,163.409336530612,19,75.73589508585215,49.779379211417115,failure
814,125.89664329534725,29,66.79214511463572,72.2838612736179,success
815,150.95533618405904,29,61.65776450420476,36.09514377013941,success
816,75.43318880889083,24,68.63453411995772,52.03458647598832,success
817,128.01150797607778,27,44.396654121018074,56.70762215358167,success
818,146.6889238687031,27,28.805109678861754,62.272261960170894,success
819,122.46851967826272,24,,57.037206188851826,success
820,151.96441125196054,18,84.74819258277034,43.93608833846129,failure
821,104.48134649698883,26,38.90897042094895,69.01136737625025,success
822,398.8962262590186,21,49.21279884505381,55.02288894732289,success
823,188.9669437085775,25,76.28487339541155,34.983967522103626,failure
824,109.11484318681023,27,70.3833463992028,57.51011980928073,success
825,106.63492435797684,30,100.0,60.70332245465757,success
826,,25,81.13486203238847,78.52892744077738,failure
827,167.38716437192136,22,77.53136707839573,59.905016186443504,failure
828,104.31419918540195,38,,37.21569313581853,success
829,107.39439548712429,35,72.87208694586023,37.63718451029972,success
830,111.54646173418479,23,87.43120493713054,70.1045134983792,failure
831,79.66648466897169,35,62.53413852390642,45.36636383981033,success
832,92.44044160547405,27,63.24178139394302,36.405027230258085,success
833,89.87577699743797,21,67.12030289910399,67.00613041310119,success
834,96.96607304687615,20,55.03251977791648,49.29117025342395,success
835,118.95945337839656,28,69.03445271184971,66.3641675699153,success
836,127.02644197609563,26,68.65958207413522,44.023365936047064,success
837,166.5150147844223,18,87.19979619770984,72.68574800399057,failure
838,90.04937877783627,27,62.159113362339454,65.4647644831993,success
839,149.5296719542975,31,75.1209281909526,46.32777560078384,success
840,113.58033467323473,29,62.60652077011923,35.07531439726431,success
841,118.51608871042701,28,74.59639162673366,82.6619663050497,success
842,140.2445847649981,27,61.24912316312154,52.477507576082246,success
843,86.31833935313105,23,73.6020948041781,45.84722023509139,success
844,131.4722923855215,26,75.92353743632673,71.63569922595399,failure
845,124.99356624639168,26,49.000158004132864,66.34911824094928,success
846,134.77353792024448,31,81.53563131005902,69.19355851975097,failure
847,128.67505931723454,28,62.50283919577968,53.81790066978723,success
848,193.65900419732682,22,96.58399595377043,77.57265628388349,failure
849,100.86780047246052,27,54.34987832494967,39.27258183338366,success
850,104.07009134994547,21,69.47300417147362,48.37540574130975,success
851,101.30578420725706,22,64.93067466644716,59.6785450685786,success
852,103.33568642519236,24,70.5621077831253,69.01733613084537,success
853,100.87838618080447,31,70.85331176477719,62.93390824629795,success
854,155.67049593322656,34,74.12876968025267,54.00561116983851,success
855,162.61512743969564,25,100.0,49.29822559312625,failure
856,102.87761118751571,32,65.59537635997776,69.08213030031226,success
857,95.02933280687314,22,53.981399201411406,64.17275215932436,success
858,134.14246669159212,32,34.702800014926495,44.50571448770723,success
859,103.43330867157087,22,47.070248027141204,44.148767223243674,success
860,138.98795453266533,19,83.53022976129365,48.454142146725815,success
861,126.087690625539,26,75.79886760159661,46.9148576125675,success
862,74.52767655008304,23,44.750209302275096,67.35809095055761,success
863,166.42515603990185,23,100.0,60.22878786661621,failure
864,173.87633019286565,19,69.90146716492262,61.69344688483717,success
865,101.61633928546841,24,71.90475079820509,57.300035641561315,success
866,108.36895320192048,24,98.6633776990412,57.86524858404825,success
867,128.57596172174715,25,91.0918358124232,36.018191015916265,success
868,130.03370369961075,25,76.71706213748242,64.53020389221723,success
869,139.7563281801849,26,77.43820911239384,48.238222232902686,success
870,180.3061361629905,23,78.841776442563,54.60213600340008,failure
871,114.69158317517852,27,61.38549302431976,49.32192493437599,success
872,96.05108266384639,26,69.30189346316295,56.75045878182011,success
873,78.62042315956418,30,73.6148074111207,61.877127126927945,success
874,98.07209880174243,29,63.09826108432382,42.89373960972005,success
875,119.00619081378609,29,50.5187073542667,58.03299069092803,success
876,173.83673590553363,25,61.00804398036998,49.61196905495372,success
877,104.47166102891485,21,50.18101088141119,70.85750531051204,success
878,126.71363854916696,26,65.96558856308346,41.624495164244465,success
879,119.50731311781743,22,38.293142719902306,42.96980476523135,success
880,155.65179820344252,21,70.11557765761322,50.68515738355828,success
881,195.80797277620866,27,40.53088256647753,43.892275419833936,success
882,104.07393681239039,15,58.94790410010492,52.307427844157054,success
883,105.31681672445333,22,72.56151611721269,48.665373926611444,success
884,151.32482631207216,25,76.86720067268794,,failure
885,140.45674468878934,23,75.08538813325252,67.09686433388985,failure
886,175.401219772081,27,69.79600871710821,55.85535526821129,success
887,137.51784555977892,29,48.21090027128762,56.948254729797725,success
888,109.22123727638821,35,79.70912532300136,42.3121287662548,success
889,137.71964492076927,28,48.553979532423334,53.39128535421845,success
890,153.26110741748724,23,81.41863730681487,49.93894634068723,failure
891,325.5976417067173,30,74.41557136222558,63.17969156368582,success
892,135.21822093321893,26,85.38352272109307,45.82519620156763,success
893,152.00024068767462,30,65.37302726024446,44.672132889865196,success
894,155.0788677133702,16,52.718538391834684,58.80915036576818,success
895,161.4647697311258,15,45.610212137611256,78.76123665247528,failure
896,139.46129662768928,18,47.27630998140611,52.88861651230404,success
897,114.98645759049437,27,40.448378770894806,57.018500874765984,success
898,124.40141059299968,23,79.13004375404847,66.37626218025743,failure
899,156.1952689952507,24,81.011254295486,61.11884678338327,failure
900,95.49192987038292,18,73.30549887885272,,success
901,131.06019926618703,20,64.50438631890081,53.85769057698394,success
902,108.19983563017918,25,95.91439154693768,54.09117780666087,success
903,120.86234468804453,31,63.527772755539885,45.93821754728165,success
904,158.35355587821897,19,68.3137521221584,60.83647905161659,success
905,125.7329720405971,28,64.28222730006321,60.56265315998371,success
906,121.39309644468446,13,59.925379003048285,,success
907,79.20431577060242,17,74.46461734746647,91.53656476405621,success
908,142.38760698081663,21,55.497549661932155,64.96161279254326,success
909,139.36452543423226,25,54.4913326022804,68.60001745777524,success
910,184.8976416991638,26,75.22204078114032,40.432502580684876,failure
911,110.76665295140998,26,57.53587450156491,51.437529047711124,success
912,126.57450982991817,23,67.00223042112769,69.10028298353006,success
913,127.48151051132265,25,59.8800782035471,47.20533160176537,success
914,167.32359839290422,24,64.82673052660027,61.345150326200084,success
915,117.14113402839143,20,54.90066322300064,55.10291202402917,success
916,128.37064577311017,23,55.3911687087636,58.9705518570821,success
917,138.23689529149618,20,52.704018172845736,55.468675632306535,success
918,125.59827369469075,22,77.64995164792177,63.95405181477126,success
919,,26,67.57827251376995,42.74179436963346,success
920,125.82269978694923,24,78.77826235690497,92.6576332104754,failure
921,152.20895249579317,32,80.38079846815943,72.57416260320228,failure
922,89.20454101766819,30,58.1012850929649,80.20435935982383,success
923,123.98909022440628,23,78.22377476582845,54.93496673648365,success
924,98.9963755518248,26,64.7881891709985,75.58319250582052,success
925,155.85139886774527,27,62.61989741781122,45.73870423583773,success
926,74.30439285648676,18,83.78550644991162,48.62096939816851,success
927,103.23234458185235,20,73.30652694223147,72.48985014094445,success
928,131.31635625193562,31,59.71363617404409,64.6492783434803,success
929,166.9657208770302,24,72.33189973289973,74.2771251751871,failure
930,118.02749216781037,21,46.014310217456156,60.62266922870806,success
931,103.34401419920405,16,68.70969471709425,42.8494470818287,success
932,176.4347120832177,35,42.506126737127246,57.68292829003212,success
933,76.55958298751267,24,,69.42403046161613,success
934,54.03582130139755,21,73.76959547403679,53.407177568245935,success
935,133.20043350159997,19,24.94631003859785,51.56279777793137,success
936,104.93837326942166,30,92.03767788612133,60.80624083556947,success
937,495.9101680763514,22,77.51739081056901,48.28592481345766,failure
938,141.2506934189806,26,37.42200316265393,58.54600579736201,success
939,127.31402141313596,27,,55.76201757605748,success
940,103.07764107789815,19,100.0,49.11502647101895,success
941,81.59086803987316,21,62.292625115153925,66.76884678240897,success
942,146.17371984840435,23,51.102664029496346,62.75185526740928,success
943,139.50603533875983,21,90.29455361304296,50.75595298856049,success
944,117.02472408661852,25,59.84314793839611,54.82046482071912,success
945,175.39910988142998,20,67.41559261719281,51.744692801825956,success
946,87.89745701021542,29,83.2593460088415,47.33622832908457,success
947,74.23424487225783,33,62.69732804310205,34.62076393111557,success
948,99.24275790356266,24,61.38418624524998,49.19406706772713,success
949,118.63241950933507,26,45.91407534192172,47.51167002021253,success
950,127.30018347968075,24,55.54185356392977,56.37868849402431,success
951,112.7629182643101,29,61.08845230615898,60.28838561833895,success
952,130.5616618954289,19,46.42155216447999,45.37378396236538,success
953,82.45381727428668,28,47.78096272685933,59.481968340724066,success
954,163.31293812219778,17,65.50401974965985,43.5250506055999,success
955,117.53546464822294,28,37.25443781492059,53.49648981233854,success
956,153.51887494764384,14,51.81255476568003,47.77097079207,success
957,130.28176039133112,29,94.16890990395534,63.95408365694853,success
958,133.70259657461352,27,59.81797029289891,,success
959,137.0930184069661,18,57.939148876942234,53.67798489001865,success
960,133.43125680051946,19,59.7508124822774,47.49700287862138,success
961,139.2816827960263,27,59.98771427818501,51.05390429948153,success
962,159.87457590397293,26,73.62303304757576,76.94872974791261,failure
963,125.8956350910441,22,72.57299229766701,48.98699055132945,success
964,141.27011272765537,24,59.13862380403219,60.7528830111578,success
965,117.3079291713832,27,61.79243865293086,53.648244197347736,success
966,163.2035164634842,22,84.69159676985089,60.409903774888456,failure
967,99.7082309382219,25,42.34542868294625,65.04371047231886,success
968,174.02821298732448,29,64.13626975176918,,success
969,118.7952614806697,30,67.02869810526848,63.517281117341476,success
970,77.07674693645856,29,53.34975709851327,88.07967372407006,success
971,123.84313244732368,25,63.27295094763054,61.81047993030046,success
972,99.56845027575358,32,51.324853087971746,74.36297757519756,success
973,145.21930646966172,24,74.55753606052255,60.772552001279365,success
974,100.42128062092827,27,44.92690016743431,43.81646053362992,success
975,106.61449700355661,15,80.93500493630088,58.3083279670358,success
976,63.31377807163407,26,63.90042264365664,51.035394445480826,success
977,106.4308104225277,18,58.27949210849434,47.848711632189115,success
978,47.2836202011313,23,49.9295435051859,54.12897747517257,success
979,72.4829152954283,29,80.45986693981197,53.142999055254975,success
980,142.81243968432892,26,55.22206798949061,42.28090113048567,success
981,143.57400475952497,23,47.49127160758275,87.50153901663751,success
982,132.76372685354895,27,80.77194978512179,64.69445097366636,success
983,90.99071570612361,22,51.43541279758012,57.932682950105374,success
984,118.5686593157406,16,63.58276528783269,56.07856133501168,success
985,119.89192382728295,21,77.28205663605894,69.42818343546276,failure
986,85.24905932422371,22,67.3693640417143,79.90684434771393,success
987,165.10194905301452,24,90.9627731880496,63.221024464150894,failure
988,146.32086871727014,25,52.475744475684834,56.454312457411845,success
989,113.37107478511008,24,61.84232995100388,72.6717288637314,success
990,120.80657516983592,33,63.00232789598477,56.708310915230335,success
991,126.25148423842657,28,74.31852428860992,60.223777715501214,success
992,58.747953947271284,22,84.3293469175714,67.01213104038206,failure
993,,33,66.10424764443046,50.36225034550888,success
994,99.54047256006604,17,62.93504254459574,30.08998723112923,success
995,89.95139970315253,17,42.755121982552026,49.779037296039775,success
996,111.56699121342135,26,66.68571784695042,64.27601115255263,success
997,173.93059580548567,23,55.24549985005319,63.430610772618145,success
998,139.22528583801028,21,74.27654465898155,71.11204131295122,success
999,,21,58.85473716172958,87.47932449805808,success
1000,137.17748344068477,18,61.390429184448934,73.97110291536116,success
